category,method,PCK_005,PCK_010,OLR,LCD,DBV,avg_leader_length,overlap_pairs,occluded_points,intersections,quality_score
Chair,Baseline,0.0755555548,0.31111110919999996,0.041112592,0.0,0.0010697999999999999,0.2400301112,0.36,0.12,0.0,13.5944074228
Chair,BinoForce,0.1656888888,0.48042962999999994,0.10295877440000002,0.019263533200000002,0.0016507448000000003,0.15692742640000001,0.6101333332,0.3689333328,1.0735999996,23.244506400799995
Chair,MonocularForce,0.16656296320000002,0.4804444444,0.1018440076,0.0190550208,0.0016140788,0.15689053960000002,0.6096,0.3694666668,1.0558666667999999,23.3360903288
Chair,hedgehog_1d,0.133333332,0.439999998,0.0787098476,0.0,0.0,0.0755869024,2.76,0.0,0.0,20.565587133999998
Chair,hedgehog_3d,0.1422222208,0.466666666,0.0264831516,4.682e-06,0.0,0.0776340064,1.68,0.0,0.04,23.293429934399995
Chair,manual,1.0,1.0,0.019896420000000005,0.0014144148000000002,0.0,0.1606285364,0.0,0.0,0.36,99.4884453692
Chair,plane,0.11111111,0.46222222199999996,0.0342369016,0.0,0.0,0.0768475652,2.32,0.0,0.0,20.788521889200002
Dishwasher,Baseline,0.0783333332,0.2333333328,0.0440431284,0.0,0.0006635264,0.2165944576,0.2,0.16,0.0,11.3822551112
Dishwasher,BinoForce,0.1462759268,0.402624074,0.088712558,0.0080767136,0.000411954,0.1453944908,0.10439999999999999,0.1042666668,0.5022666664,20.019455938
Dishwasher,MonocularForce,0.1463370376,0.40232592599999994,0.0892360704,0.0081008408,0.00040507720000000007,0.145360536,0.10586666680000001,0.1037333332,0.5024,20.001460222400002
Dishwasher,hedgehog_1d,0.11111111080000001,0.4011111116,0.06418928839999999,0.0,0.0,0.05734230320000001,2.68,0.04,0.0,18.2063789076
Dishwasher,hedgehog_3d,0.10666666640000001,0.4211111116,0.015466509199999999,0.0001842968,0.0,0.057485544,2.52,0.0,0.04,19.7114942796
Dishwasher,manual,1.0,1.0,0.018296562799999996,0.0020374464,0.0,0.1504264836,0.0,0.0,0.28,99.52221145200001
Dishwasher,plane,0.0966666664,0.412222222,0.0244135604,0.0,0.0,0.055452246000000004,2.6,0.0,0.0,18.522994358400002
Door,Baseline,0.0200000004,0.12000000079999999,0.210831272,0.0,0.0008219579999999998,0.1797094984,1.6,0.16,0.0,-0.2707817988000002
Door,BinoForce,0.0988666672,0.3022666668,0.1270714388,0.0057359952,0.0003397232,0.1297366744,0.2516,0.0657333336,0.35973333319999995,12.7545207136
Door,MonocularForce,0.09886666679999997,0.3021111115999999,0.1271211584,0.005738346,0.0003404004,0.129735154,0.2518666664,0.0657333336,0.3575999996,12.7485876
Door,hedgehog_1d,0.0400000008,0.16666666680000003,0.214172548,0.0,0.0,0.08774403160000001,3.0,0.0,0.0,2.445686298
Door,hedgehog_3d,0.006666666799999999,0.14,0.0482770676,0.00025591080000000004,0.0,0.09400460719999998,2.04,0.0,0.32,3.4571808796
Door,manual,1.0,1.0,0.0055202967999999995,7.14268e-05,0.0,0.1836403036,0.0,0.0,0.48,99.86127832599999
Door,plane,0.026666667199999997,0.17333333280000002,0.04240282120000001,3.236e-07,0.0,0.09595226520000001,2.28,0.0,0.08,6.006592909199998
Earphone,Baseline,0.0914285712,0.2971428572,0.09587996879999999,0.0,0.0004974136,0.20639839480000002,0.84,0.24,0.0,12.917286511599999
Earphone,BinoForce,0.1378761912,0.504890476,0.11627968000000001,0.0070734316,0.0010414768,0.1429403464,0.7323999999999999,0.1437333336,0.6496,21.820321306
Earphone,MonocularForce,0.1378666668,0.5049642856,0.11617313040000003,0.0070613264,0.001039334,0.14291978560000002,0.7321333332000001,0.1442666664,0.6487999999999999,21.824653733199998
Earphone,hedgehog_1d,0.11,0.42571428600000005,0.1313381388,0.0,0.0,0.0827329748,3.48,0.32,0.0,17.187975106
Earphone,hedgehog_3d,0.1164285716,0.4414285716,0.029613334399999997,4.2868000000000004e-05,0.0,0.0943714896,2.72,0.0,0.08,20.65209508
Earphone,manual,1.0,1.0,0.0036333499999999996,8.900000000000002e-05,0.0,0.1717999164,0.0,0.0,0.24,99.908276252
Earphone,plane,0.10928571439999998,0.425,0.0373234,2.73764e-05,0.0,0.08986143599999999,2.96,0.0,0.08,19.466641245599998
Faucet,Baseline,0.02,0.151666666,0.1085568452,0.0,0.00068009,0.224897108,1.44,0.12,0.0,3.2360788732000003
Faucet,BinoForce,0.1170203704,0.454022222,0.12017121319999999,0.0156987884,0.0011526436,0.15450279760000002,1.2297333328,0.4001333336,1.0054666664,18.6508243828
Faucet,MonocularForce,0.1167851848,0.4517111104,0.12162966680000001,0.0162482204,0.0012030008000000001,0.1543896852,1.2154666668,0.37773333319999997,1.027333334,18.5230724292
Faucet,hedgehog_1d,0.0588888884,0.2305555544,0.12672937039999999,0.0,0.0,0.07059130720000001,3.84,0.0,0.0,7.8706546456
Faucet,hedgehog_3d,0.0688888884,0.23944444320000002,0.0379338948,0.00031624239999999997,0.0,0.0819502368,3.32,0.0,0.24,11.054045762000001
Faucet,manual,1.0,1.0,0.0208715344,7.658e-06,0.0,0.17660416360000003,0.04,0.0,0.04,99.47813504839998
Faucet,plane,0.0588888884,0.2588888876,0.05030911359999999,0.0001335688,0.0,0.0946119928,3.4,0.04,0.52,10.6298253748
Lamp,Baseline,0.026666666399999997,0.17333333159999997,0.0937778944,0.0,0.0010851148,0.21254577560000001,1.16,0.32,0.0,4.722219308000001
Lamp,BinoForce,0.1607407396,0.49490370400000006,0.09762631719999999,0.014580454,0.0013152108,0.14101141520000002,0.7845333339999999,0.5864,0.8198666664,23.5125004952
Lamp,MonocularForce,0.1551111096,0.4940740744,0.09998224599999998,0.014237160000000002,0.0016522572,0.14060886,0.7574666668000001,0.6221333332000001,0.7865333332,23.0380722328
Lamp,hedgehog_1d,0.088888888,0.35999999839999997,0.1276255664,0.0,0.0,0.0694353336,4.84,0.24,0.0,13.831583059599998
Lamp,hedgehog_3d,0.0577777772,0.38666666599999994,0.03473588520000001,0.0002999408,0.0,0.0920525712,3.56,0.0,0.32,14.773047908799997
Lamp,manual,1.0,1.0,0.016377374799999997,0.0015191687999999998,0.0,0.16592180280000002,0.04,0.0,0.44,99.57537394
Lamp,plane,0.0933333324,0.4088888888,0.0470501744,0.001471654,0.0,0.08544923080000003,3.76,0.0,0.52,17.609029091999997
Laptop,Baseline,0.04800000000000001,0.20800000000000002,0.0314568396,0.0,0.0002109136,0.20609160959999998,0.2,0.0,0.0,8.8135790088
Laptop,BinoForce,0.11960000000000001,0.32055999999999996,0.1285498644,0.0074159356,0.0002774904,0.1277519308,0.017333333200000002,0.1182666668,0.24,14.7008940364
Laptop,MonocularForce,0.11962666680000002,0.3206133332,0.1286680328,0.0074226852,0.0002754528,0.1277403952,0.017333333200000002,0.11746666680000001,0.24,14.701339009599998
Laptop,hedgehog_1d,0.05600000000000001,0.192,0.055385984000000006,0.0,0.0,0.07750430800000001,1.52,0.0,0.0,8.2953503912
Laptop,hedgehog_3d,0.064,0.22400000000000003,0.019537141600000002,0.0,0.0,0.0792947656,1.24,0.04,0.0,10.7115714264
Laptop,manual,1.0,1.0,0.0137112912,0.0004924468,0.0,0.18281265359999999,0.0,0.0,0.24,99.652293242
Laptop,plane,0.07200000000000001,0.21600000000000003,0.021763302800000002,0.0,0.0,0.0789599836,1.12,0.0,0.0,10.9759174276
Microwave,Baseline,0.0928571428,0.3121428576,0.0533458852,0.0,0.00016196479999999998,0.2033936116,0.12,0.0,0.0,14.5306385944
Microwave,BinoForce,0.1729547624,0.5513571424000001,0.10441209999999998,0.0211599104,0.0008226408000000001,0.1344731468,0.21333333359999998,0.059866666400000004,0.7584000000000001,25.825646006800003
Microwave,MonocularForce,0.173333334,0.5519547616,0.1046163876,0.020942228799999997,0.0008456280000000001,0.1344364536,0.2105333336,0.061066666400000004,0.7573333332,25.8671442068
Microwave,hedgehog_1d,0.0728571424,0.35428571519999996,0.051696454,0.0,0.0,0.0541094244,1.4,0.0,0.0,14.4361600752
Microwave,hedgehog_3d,0.08785714239999999,0.35928571479999993,0.0307949748,2.18716e-05,0.0,0.056636047200000005,1.04,0.0,0.08,16.158478346800003
Microwave,manual,1.0,1.0,0.0297977852,0.0016327347999999999,0.0,0.15290357440000002,0.0,0.0,0.48,99.2387280292
Microwave,plane,0.07285714280000001,0.2971428576,0.020182919599999995,1.342e-06,0.0,0.0629000992,1.08,0.0,0.08,13.509699311200002
Refrigerator,Baseline,0.045,0.3038888884,0.04942648520000001,0.0,0.0005532692,0.19613976479999998,0.28,0.08,0.0,11.0310045264
Refrigerator,BinoForce,0.18087777800000002,0.5165111116,0.091395664,0.0096203364,0.0006550296,0.13094286160000002,0.2830666668,0.2666666668,0.5773333332,25.775682832799998
Refrigerator,MonocularForce,0.1811648152,0.5165666668000001,0.0911540716,0.009750150800000001,0.0006738296,0.13091038,0.2821333336,0.2670666668,0.5988000004,25.802183737199996
Refrigerator,hedgehog_1d,0.0638888888,0.37277777719999994,0.058194868399999995,0.0,0.0,0.059030000000000006,2.44,0.0,0.0,14.2006838316
Refrigerator,hedgehog_3d,0.06111111119999999,0.36388888880000003,0.026618115999999997,0.0003031956,0.0,0.059311762000000004,1.8,0.04,0.04,14.525959577599997
Refrigerator,manual,1.0,1.0,0.010238063200000001,0.00027385519999999995,0.0,0.15584191560000002,0.0,0.0,0.28,99.74130985560001
Refrigerator,plane,0.0694444444,0.3633333332,0.017900734800000002,0.0013497432,0.0,0.05979483719999999,2.08,0.0,0.04,15.300095321999999
Scissors,Baseline,0.08,0.32799999999999996,0.071969168,0.0,0.0006168508,0.164821446,0.52,0.0,0.0,13.6407708064
Scissors,BinoForce,0.15704000040000002,0.4878933328,0.0872207684,0.0032529284,0.00035512719999999996,0.10907772680000001,0.0,0.09173333320000002,0.26973333320000004,23.4165514956
Scissors,MonocularForce,0.1568000008,0.4835733332,0.0938064376,0.0063127428,0.0003183772,0.10971512280000001,0.0,0.0737333332,0.3110666668,23.0749116392
Scissors,hedgehog_1d,0.055999999999999994,0.35200000000000004,0.08548668639999998,0.0,0.0,0.0646443596,1.2,0.08,0.0,12.3428328284
Scissors,hedgehog_3d,0.04,0.32,0.0144097648,0.00010036120000000001,0.0,0.06626084280000001,0.96,0.0,0.04,12.038752253200002
Scissors,manual,1.0,1.0,0.0034381576,0.00041338759999999997,0.0,0.1441095496,0.0,0.0,0.16,99.90991217679999
Scissors,plane,0.064,0.36800000000000005,0.015294947999999997,0.0,0.0,0.0608740824,0.76,0.0,0.0,15.137626273199999
TrashCan,Baseline,0.0311111112,0.12499999960000001,0.178809592,0.0,0.0014284343999999998,0.21912292119999996,1.68,0.0,0.0,1.4575379876000003
TrashCan,BinoForce,0.16077037079999998,0.4442370376,0.1254224808,0.0051164272,0.0005863143999999999,0.14236522799999998,0.9544000004000001,0.1456,0.4698666668,21.394310753600003
TrashCan,MonocularForce,0.16011851880000003,0.4391296296,0.11097426119999998,0.007609016400000001,0.0005016776000000001,0.14315775759999996,0.8031999999999999,0.1552,0.564,21.531738504
TrashCan,hedgehog_1d,0.11333333359999999,0.3699999992,0.08480527519999999,0.0,0.0,0.0629510304,4.4,0.0,0.0,16.913201452
TrashCan,hedgehog_3d,0.0983333332,0.4144444428,0.034703382,0.0008095128,0.0,0.0805922988,3.16,0.0,0.24,18.4409869916
TrashCan,manual,1.0,1.0,0.021406904400000003,0.0008312352000000001,0.0,0.16276983960000002,0.04,0.0,0.2,99.45651502119999
TrashCan,plane,0.0844444444,0.41833333279999996,0.0702780556,0.0017241916,0.0,0.06719357200000001,3.88,0.0,0.12,16.6869177964
