category,sample,view,method,num_labels,PCK_005,PCK_010,OLR,LCD,DBV,avg_leader_length,overlap_pairs,occluded_points,intersections,quality_score
Chair,38635,main,Baseline,9,0.11111111,0.33333333,0.16459739,0.00000000,0.00864246,0.26597622,1.00000000,0.00000000,0.00000000,13.66284293
Chair,38635,up,Baseline,9,0.00000000,0.22222222,0.00000000,0.00000000,0.00000000,0.26418010,0.00000000,0.00000000,0.00000000,6.66666667
Chair,38635,down,Baseline,9,0.00000000,0.22222222,0.00000000,0.00000000,0.00000000,0.23742005,0.00000000,0.00000000,0.00000000,6.66666667
Chair,38635,left,Baseline,9,0.11111111,0.22222222,0.00000000,0.00000000,0.00000000,0.27047504,0.00000000,0.00000000,0.00000000,14.44444444
Chair,38635,right,Baseline,9,0.00000000,0.33333333,0.00000000,0.00000000,0.00000000,0.25836766,0.00000000,0.00000000,0.00000000,10.00000000
Chair,39299,main,Baseline,9,0.11111111,0.22222222,0.11111111,0.00000000,0.00894742,0.23217607,0.00000000,0.00000000,0.00000000,11.66666667
Chair,39299,up,Baseline,9,0.00000000,0.00000000,0.00000000,0.00000000,0.00000000,0.26385407,0.00000000,0.00000000,0.00000000,0.00000000
Chair,39299,down,Baseline,9,0.00000000,0.11111111,0.11878429,0.00000000,0.00586720,0.22933719,1.00000000,0.00000000,0.00000000,0.36372605
Chair,39299,left,Baseline,9,0.00000000,0.33333333,0.04391154,0.00000000,0.00036136,0.24527452,1.00000000,1.00000000,0.00000000,8.90221155
Chair,39299,right,Baseline,9,0.11111111,0.22222222,0.00000000,0.00000000,0.00000000,0.23504710,0.00000000,0.00000000,0.00000000,14.44444444
Chair,40801,main,Baseline,9,0.00000000,0.55555556,0.11111111,0.00000000,0.00000000,0.22850063,0.00000000,0.00000000,0.00000000,13.88888889
Chair,40801,up,Baseline,9,0.11111111,0.33333333,0.07430399,0.00000000,0.00000000,0.24110498,1.00000000,0.00000000,0.00000000,15.92017811
Chair,40801,down,Baseline,9,0.11111111,0.22222222,0.00000000,0.00000000,0.00000000,0.21681201,0.00000000,0.00000000,0.00000000,14.44444444
Chair,40801,left,Baseline,9,0.00000000,0.11111111,0.04520017,0.00000000,0.00007071,0.20579020,0.00000000,0.00000000,0.00000000,2.20332896
Chair,40801,right,Baseline,9,0.11111111,0.22222222,0.00000000,0.00000000,0.00000000,0.20649664,0.00000000,0.00000000,0.00000000,14.44444444
Chair,41193,main,Baseline,9,0.22222222,0.33333333,0.04757193,0.00000000,0.00000000,0.25384817,1.00000000,0.00000000,0.00000000,24.36625727
Chair,41193,up,Baseline,9,0.11111111,0.55555556,0.00903771,0.00000000,0.00072877,0.21126875,1.00000000,0.00000000,0.00000000,24.21850177
Chair,41193,down,Baseline,9,0.00000000,0.33333333,0.00000000,0.00000000,0.00000000,0.23542434,0.00000000,0.00000000,0.00000000,10.00000000
Chair,41193,left,Baseline,9,0.00000000,0.33333333,0.00432235,0.00000000,0.00000986,0.24604103,1.00000000,0.00000000,0.00000000,9.89194128
Chair,41193,right,Baseline,9,0.11111111,0.55555556,0.05892088,0.00000000,0.00000000,0.22693421,1.00000000,0.00000000,0.00000000,22.97142248
Chair,42397,main,Baseline,9,0.22222222,0.33333333,0.00000000,0.00000000,0.00000000,0.26675663,0.00000000,0.00000000,0.00000000,25.55555556
Chair,42397,up,Baseline,9,0.11111111,0.44444444,0.06497644,0.00000000,0.00000000,0.23939272,0.00000000,0.00000000,0.00000000,19.48670016
Chair,42397,down,Baseline,9,0.11111111,0.44444444,0.17396589,0.00000000,0.00211722,0.24332777,1.00000000,2.00000000,0.00000000,16.76196390
Chair,42397,left,Baseline,9,0.11111111,0.33333333,0.00000000,0.00000000,0.00000000,0.25556128,0.00000000,0.00000000,0.00000000,17.77777778
Chair,42397,right,Baseline,9,0.11111111,0.44444444,0.00000000,0.00000000,0.00000000,0.22138540,0.00000000,0.00000000,0.00000000,21.11111111
Dishwasher,11898,main,Baseline,8,0.00000000,0.25000000,0.12500000,0.00000000,0.00811639,0.28529927,0.00000000,1.00000000,0.00000000,4.37500000
Dishwasher,11898,up,Baseline,8,0.25000000,0.25000000,0.00000000,0.00000000,0.00000000,0.26483910,0.00000000,0.00000000,0.00000000,25.00000000
Dishwasher,11898,down,Baseline,8,0.00000000,0.00000000,0.00000000,0.00000000,0.00000000,0.30280872,0.00000000,0.00000000,0.00000000,0.00000000
Dishwasher,11898,left,Baseline,8,0.00000000,0.37500000,0.00000000,0.00000000,0.00000000,0.24924586,0.00000000,0.00000000,0.00000000,11.25000000
Dishwasher,11898,right,Baseline,8,0.00000000,0.00000000,0.00000000,0.00000000,0.00000000,0.28606721,0.00000000,0.00000000,0.00000000,0.00000000
Dishwasher,12572,main,Baseline,8,0.37500000,0.62500000,0.12500000,0.00000000,0.00000000,0.16689092,0.00000000,0.00000000,0.00000000,41.87500000
Dishwasher,12572,up,Baseline,8,0.00000000,0.25000000,0.00000000,0.00000000,0.00000000,0.19453290,0.00000000,0.00000000,0.00000000,7.50000000
Dishwasher,12572,down,Baseline,8,0.00000000,0.37500000,0.01118527,0.00000000,0.00329515,0.17666351,2.00000000,0.00000000,0.00000000,10.97036830
Dishwasher,12572,left,Baseline,8,0.12500000,0.37500000,0.22238469,0.00000000,0.00030015,0.11677781,0.00000000,3.00000000,0.00000000,14.44038264
Dishwasher,12572,right,Baseline,8,0.00000000,0.12500000,0.12500000,0.00000000,0.00000000,0.19626333,0.00000000,0.00000000,0.00000000,0.62500000
Dishwasher,12575,main,Baseline,8,0.25000000,0.37500000,0.12500000,0.00000000,0.00000000,0.22567639,0.00000000,0.00000000,0.00000000,25.62500000
Dishwasher,12575,up,Baseline,8,0.00000000,0.25000000,0.00167146,0.00000000,0.00029089,0.18226328,1.00000000,0.00000000,0.00000000,7.45821346
Dishwasher,12575,down,Baseline,8,0.00000000,0.12500000,0.00000000,0.00000000,0.00000000,0.23872322,0.00000000,0.00000000,0.00000000,3.75000000
Dishwasher,12575,left,Baseline,8,0.12500000,0.12500000,0.00000000,0.00000000,0.00000000,0.20943669,0.00000000,0.00000000,0.00000000,12.50000000
Dishwasher,12575,right,Baseline,8,0.00000000,0.00000000,0.00000000,0.00000000,0.00000000,0.22909664,0.00000000,0.00000000,0.00000000,0.00000000
Dishwasher,12580,main,Baseline,9,0.00000000,0.44444444,0.11111111,0.00000000,0.00000000,0.22595594,0.00000000,0.00000000,0.00000000,10.55555556
Dishwasher,12580,up,Baseline,9,0.00000000,0.22222222,0.00000000,0.00000000,0.00136415,0.20237383,0.00000000,0.00000000,0.00000000,6.66666667
Dishwasher,12580,down,Baseline,9,0.00000000,0.22222222,0.00000000,0.00000000,0.00000000,0.22066495,0.00000000,0.00000000,0.00000000,6.66666667
Dishwasher,12580,left,Baseline,9,0.22222222,0.33333333,0.00000000,0.00000000,0.00000000,0.20511498,0.00000000,0.00000000,0.00000000,25.55555556
Dishwasher,12580,right,Baseline,9,0.11111111,0.11111111,0.00000000,0.00000000,0.00000000,0.22700551,0.00000000,0.00000000,0.00000000,11.11111111
Dishwasher,13175,main,Baseline,8,0.00000000,0.12500000,0.12500000,0.00000000,0.00212197,0.20055852,0.00000000,0.00000000,0.00000000,0.62500000
Dishwasher,13175,up,Baseline,8,0.37500000,0.62500000,0.00000000,0.00000000,0.00000000,0.16522759,0.00000000,0.00000000,0.00000000,45.00000000
Dishwasher,13175,down,Baseline,8,0.00000000,0.00000000,0.09205205,0.00000000,0.00109842,0.23908110,1.00000000,0.00000000,0.00000000,-2.30130134
Dishwasher,13175,left,Baseline,8,0.12500000,0.25000000,0.03767363,0.00000000,0.00000104,0.19559011,1.00000000,0.00000000,0.00000000,15.30815915
Dishwasher,13175,right,Baseline,8,0.00000000,0.00000000,0.00000000,0.00000000,0.00000000,0.20870406,0.00000000,0.00000000,0.00000000,0.00000000
Door,8944,main,Baseline,6,0.00000000,0.16666667,0.09404449,0.00000000,0.00036467,0.15491671,2.00000000,0.00000000,0.00000000,2.64888779
Door,8944,up,Baseline,6,0.16666667,0.16666667,0.21402328,0.00000000,0.00045034,0.16072814,1.00000000,0.00000000,0.00000000,11.31608467
Door,8944,down,Baseline,6,0.00000000,0.16666667,0.16788349,0.00000000,0.00116641,0.17735263,4.00000000,0.00000000,0.00000000,0.80291285
Door,8944,left,Baseline,6,0.00000000,0.16666667,0.15743909,0.00000000,0.00063985,0.21196124,2.00000000,0.00000000,0.00000000,1.06402268
Door,8944,right,Baseline,6,0.00000000,0.00000000,0.53855472,0.00000000,0.00359073,0.09651251,2.00000000,3.00000000,0.00000000,-13.46386797
Door,9164,main,Baseline,6,0.00000000,0.00000000,0.24006295,0.00000000,0.00121340,0.12297511,1.00000000,0.00000000,0.00000000,-6.00157378
Door,9164,up,Baseline,6,0.00000000,0.16666667,0.10323663,0.00000000,0.00003532,0.11621894,1.00000000,0.00000000,0.00000000,2.41908429
Door,9164,down,Baseline,6,0.16666667,0.33333333,0.38112464,0.00000000,0.00113447,0.16143717,3.00000000,0.00000000,0.00000000,12.13855076
Door,9164,left,Baseline,6,0.00000000,0.00000000,0.17753975,0.00000000,0.00052310,0.18182373,1.00000000,0.00000000,0.00000000,-4.43849384
Door,9164,right,Baseline,6,0.00000000,0.00000000,0.39674658,0.00000000,0.00090923,0.11821277,1.00000000,0.00000000,0.00000000,-9.91866447
Door,9200,main,Baseline,6,0.00000000,0.00000000,0.24457157,0.00000000,0.00014755,0.24618182,4.00000000,0.00000000,0.00000000,-6.11428913
Door,9200,up,Baseline,6,0.00000000,0.00000000,0.35182412,0.00000000,0.00044140,0.11629794,2.00000000,0.00000000,0.00000000,-8.79560301
Door,9200,down,Baseline,6,0.00000000,0.00000000,0.67836171,0.00000000,0.00164789,0.25651292,5.00000000,0.00000000,0.00000000,-16.95904271
Door,9200,left,Baseline,6,0.00000000,0.16666667,0.16526773,0.00000000,0.00058055,0.23892492,2.00000000,0.00000000,0.00000000,0.86830675
Door,9200,right,Baseline,6,0.00000000,0.00000000,0.43589131,0.00000000,0.00235833,0.26496058,5.00000000,0.00000000,0.00000000,-10.89728285
Door,9288,main,Baseline,6,0.00000000,0.00000000,0.00000000,0.00000000,0.00000000,0.17861410,0.00000000,0.00000000,0.00000000,0.00000000
Door,9288,up,Baseline,6,0.16666667,0.50000000,0.04654627,0.00000000,0.00074858,0.17814121,1.00000000,0.00000000,0.00000000,25.50300990
Door,9288,down,Baseline,6,0.00000000,0.00000000,0.05295382,0.00000000,0.00061873,0.19835606,1.00000000,0.00000000,0.00000000,-1.32384552
Door,9288,left,Baseline,6,0.00000000,0.00000000,0.00000000,0.00000000,0.00000000,0.23855415,0.00000000,0.00000000,0.00000000,0.00000000
Door,9288,right,Baseline,6,0.00000000,0.16666667,0.50090041,0.00000000,0.00216897,0.11189449,0.00000000,0.00000000,0.00000000,-7.52251027
Door,9290,main,Baseline,6,0.00000000,0.00000000,0.08586000,0.00000000,0.00076053,0.20982164,1.00000000,0.00000000,0.00000000,-2.14650009
Door,9290,up,Baseline,6,0.00000000,0.33333333,0.00000000,0.00000000,0.00000000,0.16709616,0.00000000,0.00000000,0.00000000,10.00000000
Door,9290,down,Baseline,6,0.00000000,0.50000000,0.00000000,0.00000000,0.00000000,0.19640596,0.00000000,0.00000000,0.00000000,15.00000000
Door,9290,left,Baseline,6,0.00000000,0.16666667,0.23794924,0.00000000,0.00104890,0.16432951,1.00000000,1.00000000,0.00000000,-0.94873102
Door,9290,right,Baseline,6,0.00000000,0.00000000,0.00000000,0.00000000,0.00000000,0.22450705,0.00000000,0.00000000,0.00000000,0.00000000
Earphone,10953,main,Baseline,7,0.00000000,0.42857143,0.00000000,0.00000000,0.00000000,0.17192540,0.00000000,0.00000000,0.00000000,12.85714286
Earphone,10953,up,Baseline,7,0.00000000,0.14285714,0.52688552,0.00000000,0.00113949,0.24122097,3.00000000,0.00000000,0.00000000,-8.88642375
Earphone,10953,down,Baseline,7,0.14285714,0.28571429,0.23921992,0.00000000,0.00374031,0.10686820,2.00000000,3.00000000,0.00000000,12.59093058
Earphone,10953,left,Baseline,7,0.00000000,0.14285714,0.00000000,0.00000000,0.00000000,0.18271501,0.00000000,0.00000000,0.00000000,4.28571429
Earphone,10953,right,Baseline,7,0.00000000,0.42857143,0.00098846,0.00000000,0.00057733,0.20440406,0.00000000,0.00000000,0.00000000,12.83243147
Earphone,11197,main,Baseline,8,0.37500000,0.62500000,0.12391287,0.00000000,0.00000000,0.19983626,1.00000000,0.00000000,0.00000000,41.90217814
Earphone,11197,up,Baseline,8,0.37500000,0.50000000,0.00000000,0.00000000,0.00000000,0.17579301,0.00000000,0.00000000,0.00000000,41.25000000
Earphone,11197,down,Baseline,8,0.12500000,0.37500000,0.00000000,0.00000000,0.00000000,0.19801678,0.00000000,0.00000000,0.00000000,20.00000000
Earphone,11197,left,Baseline,8,0.12500000,0.62500000,0.07754726,0.00000000,0.00036859,0.20789010,1.00000000,0.00000000,0.00000000,25.56131852
Earphone,11197,right,Baseline,8,0.12500000,0.50000000,0.26153034,0.00000000,0.00074773,0.14111771,1.00000000,1.00000000,0.00000000,17.21174142
Earphone,11446,main,Baseline,8,0.12500000,0.25000000,0.01395902,0.00000000,0.00002547,0.23517357,1.00000000,0.00000000,0.00000000,15.90102453
Earphone,11446,up,Baseline,8,0.12500000,0.37500000,0.29124804,0.00000000,0.00040779,0.20119325,2.00000000,0.00000000,0.00000000,12.71879902
Earphone,11446,down,Baseline,8,0.37500000,0.50000000,0.14416302,0.00000000,0.00023968,0.21214651,2.00000000,0.00000000,0.00000000,37.64592459
Earphone,11446,left,Baseline,8,0.00000000,0.25000000,0.00045208,0.00000000,0.00000000,0.23147560,1.00000000,0.00000000,0.00000000,7.48869808
Earphone,11446,right,Baseline,8,0.00000000,0.37500000,0.13580290,0.00000000,0.00022208,0.19588795,1.00000000,0.00000000,0.00000000,7.85492756
Earphone,11471,main,Baseline,7,0.00000000,0.14285714,0.04020911,0.00000000,0.00005019,0.24297747,1.00000000,0.00000000,0.00000000,3.28048658
Earphone,11471,up,Baseline,7,0.00000000,0.14285714,0.03857312,0.00000000,0.00331776,0.20303549,2.00000000,0.00000000,0.00000000,3.32138631
Earphone,11471,down,Baseline,7,0.00000000,0.28571429,0.14739970,0.00000000,0.00032291,0.23766124,1.00000000,0.00000000,0.00000000,4.88643616
Earphone,11471,left,Baseline,7,0.00000000,0.14285714,0.00000000,0.00000000,0.00000000,0.24930640,0.00000000,0.00000000,0.00000000,4.28571429
Earphone,11471,right,Baseline,7,0.14285714,0.28571429,0.18581302,0.00000000,0.00041794,0.18815620,1.00000000,2.00000000,0.00000000,13.92610301
Earphone,11934,main,Baseline,8,0.00000000,0.00000000,0.00000000,0.00000000,0.00000000,0.24595262,0.00000000,0.00000000,0.00000000,0.00000000
Earphone,11934,up,Baseline,8,0.00000000,0.12500000,0.00000000,0.00000000,0.00000000,0.23489795,0.00000000,0.00000000,0.00000000,3.75000000
Earphone,11934,down,Baseline,8,0.12500000,0.25000000,0.00862196,0.00000000,0.00062010,0.20871140,0.00000000,0.00000000,0.00000000,16.03445110
Earphone,11934,left,Baseline,8,0.00000000,0.00000000,0.00000000,0.00000000,0.00000000,0.26923598,0.00000000,0.00000000,0.00000000,0.00000000
Earphone,11934,right,Baseline,8,0.12500000,0.25000000,0.16067288,0.00000000,0.00023797,0.17436074,1.00000000,0.00000000,0.00000000,12.23317803
Faucet,1507,main,Baseline,9,0.00000000,0.11111111,0.25743502,0.00000000,0.00014635,0.22655082,4.00000000,0.00000000,0.00000000,-3.10254209
Faucet,1507,up,Baseline,9,0.00000000,0.22222222,0.40393209,0.00000000,0.00151664,0.12279476,5.00000000,0.00000000,0.00000000,-3.43163562
Faucet,1507,down,Baseline,9,0.00000000,0.00000000,0.38621081,0.00000000,0.00116787,0.23422419,8.00000000,0.00000000,0.00000000,-9.65527020
Faucet,1507,left,Baseline,9,0.00000000,0.00000000,0.23541998,0.00000000,0.00013744,0.23457390,5.00000000,0.00000000,0.00000000,-5.88549942
Faucet,1507,right,Baseline,9,0.00000000,0.11111111,0.29717388,0.00000000,0.00022257,0.22660726,4.00000000,0.00000000,0.00000000,-4.09601374
Faucet,1708,main,Baseline,9,0.00000000,0.22222222,0.00000000,0.00000000,0.00000000,0.24499912,0.00000000,0.00000000,0.00000000,6.66666667
Faucet,1708,up,Baseline,9,0.00000000,0.44444444,0.21949920,0.00000000,0.00430508,0.20627411,1.00000000,0.00000000,0.00000000,7.84585329
Faucet,1708,down,Baseline,9,0.00000000,0.55555556,0.00000000,0.00000000,0.00000000,0.25617914,0.00000000,0.00000000,0.00000000,16.66666667
Faucet,1708,left,Baseline,9,0.00000000,0.33333333,0.00000000,0.00000000,0.00000000,0.26299671,0.00000000,0.00000000,0.00000000,10.00000000
Faucet,1708,right,Baseline,9,0.00000000,0.00000000,0.17585448,0.00000000,0.00183983,0.18471385,0.00000000,1.00000000,0.00000000,-4.39636206
Faucet,1758,main,Baseline,8,0.00000000,0.00000000,0.00000000,0.00000000,0.00000000,0.24786355,0.00000000,0.00000000,0.00000000,0.00000000
Faucet,1758,up,Baseline,8,0.00000000,0.00000000,0.03977883,0.00000000,0.00024741,0.26025452,1.00000000,0.00000000,0.00000000,-0.99447074
Faucet,1758,down,Baseline,8,0.12500000,0.25000000,0.00000000,0.00000000,0.00000000,0.23003796,0.00000000,0.00000000,0.00000000,16.25000000
Faucet,1758,left,Baseline,8,0.00000000,0.25000000,0.00000000,0.00000000,0.00000000,0.24697987,0.00000000,0.00000000,0.00000000,7.50000000
Faucet,1758,right,Baseline,8,0.00000000,0.00000000,0.09740343,0.00000000,0.00015669,0.18135832,0.00000000,1.00000000,0.00000000,-2.43508568
Faucet,1988,main,Baseline,9,0.00000000,0.11111111,0.00000000,0.00000000,0.00000000,0.22055315,0.00000000,0.00000000,0.00000000,3.33333333
Faucet,1988,up,Baseline,9,0.00000000,0.22222222,0.03492791,0.00000000,0.00019691,0.19509291,2.00000000,0.00000000,0.00000000,5.79346891
Faucet,1988,down,Baseline,9,0.00000000,0.00000000,0.00000000,0.00000000,0.00000000,0.23510433,0.00000000,0.00000000,0.00000000,0.00000000
Faucet,1988,left,Baseline,9,0.00000000,0.22222222,0.00000000,0.00000000,0.00000000,0.23693945,0.00000000,0.00000000,0.00000000,6.66666667
Faucet,1988,right,Baseline,9,0.00000000,0.11111111,0.23301943,0.00000000,0.00238686,0.18118520,1.00000000,1.00000000,0.00000000,-2.49215253
Faucet,370,main,Baseline,8,0.12500000,0.25000000,0.02374667,0.00000000,0.00003772,0.25424494,1.00000000,0.00000000,0.00000000,15.65633333
Faucet,370,up,Baseline,8,0.00000000,0.00000000,0.09764803,0.00000000,0.00296796,0.23965457,2.00000000,0.00000000,0.00000000,-2.44120070
Faucet,370,down,Baseline,8,0.12500000,0.25000000,0.00000000,0.00000000,0.00000000,0.22663249,0.00000000,0.00000000,0.00000000,16.25000000
Faucet,370,left,Baseline,8,0.00000000,0.00000000,0.00000000,0.00000000,0.00000000,0.28167553,0.00000000,0.00000000,0.00000000,0.00000000
Faucet,370,right,Baseline,8,0.12500000,0.12500000,0.21187137,0.00000000,0.00167292,0.18493705,2.00000000,0.00000000,0.00000000,7.20321574
Lamp,14912,main,Baseline,9,0.00000000,0.33333333,0.06412866,0.00000000,0.00673354,0.22256532,1.00000000,0.00000000,0.00000000,8.39678362
Lamp,14912,up,Baseline,9,0.00000000,0.22222222,0.02142990,0.00000000,0.00221215,0.23950014,1.00000000,0.00000000,0.00000000,6.13091912
Lamp,14912,down,Baseline,9,0.11111111,0.44444444,0.00363163,0.00000000,0.00043742,0.20541988,1.00000000,0.00000000,0.00000000,21.02032029
Lamp,14912,left,Baseline,9,0.00000000,0.33333333,0.11111111,0.00000000,0.00000000,0.21855855,0.00000000,0.00000000,0.00000000,7.22222222
Lamp,14912,right,Baseline,9,0.11111111,0.22222222,0.07753347,0.00000000,0.00088774,0.22510400,1.00000000,0.00000000,0.00000000,12.50610765
Lamp,16297,main,Baseline,9,0.00000000,0.00000000,0.12358961,0.00000000,0.00000000,0.23575989,1.00000000,0.00000000,0.00000000,-3.08974015
Lamp,16297,up,Baseline,9,0.00000000,0.22222222,0.04238216,0.00000000,0.00000000,0.19769466,1.00000000,0.00000000,0.00000000,5.60711276
Lamp,16297,down,Baseline,9,0.00000000,0.33333333,0.17538042,0.00000000,0.00281272,0.21509264,2.00000000,0.00000000,0.00000000,5.61548962
Lamp,16297,left,Baseline,9,0.11111111,0.11111111,0.13726203,0.00000000,0.00000000,0.19587712,1.00000000,0.00000000,0.00000000,7.67956025
Lamp,16297,right,Baseline,9,0.00000000,0.00000000,0.05221249,0.00000000,0.00000000,0.23857266,1.00000000,0.00000000,0.00000000,-1.30531231
Lamp,16499,main,Baseline,9,0.00000000,0.22222222,0.06039953,0.00000000,0.00056803,0.23381364,2.00000000,0.00000000,0.00000000,5.15667833
Lamp,16499,up,Baseline,9,0.22222222,0.44444444,0.09098632,0.00000000,0.00681367,0.13512378,2.00000000,0.00000000,0.00000000,26.61423084
Lamp,16499,down,Baseline,9,0.00000000,0.11111111,0.00000000,0.00000000,0.00000000,0.25783416,0.00000000,0.00000000,0.00000000,3.33333333
Lamp,16499,left,Baseline,9,0.00000000,0.00000000,0.20158529,0.00000000,0.00011368,0.22273744,1.00000000,3.00000000,0.00000000,-5.03963232
Lamp,16499,right,Baseline,9,0.00000000,0.00000000,0.01948993,0.00000000,0.00017475,0.26316342,1.00000000,0.00000000,0.00000000,-0.48724826
Lamp,16598,main,Baseline,9,0.00000000,0.11111111,0.05579796,0.00000000,0.00109893,0.20909125,0.00000000,2.00000000,0.00000000,1.93838437
Lamp,16598,up,Baseline,9,0.00000000,0.22222222,0.41463534,0.00000000,0.00152829,0.18813496,2.00000000,3.00000000,0.00000000,-3.69921695
Lamp,16598,down,Baseline,9,0.00000000,0.33333333,0.00000000,0.00000000,0.00000000,0.23312391,0.00000000,0.00000000,0.00000000,10.00000000
Lamp,16598,left,Baseline,9,0.00000000,0.11111111,0.00000000,0.00000000,0.00000000,0.23610379,0.00000000,0.00000000,0.00000000,3.33333333
Lamp,16598,right,Baseline,9,0.00000000,0.00000000,0.00000000,0.00000000,0.00000000,0.23929708,0.00000000,0.00000000,0.00000000,0.00000000
Lamp,17343,main,Baseline,9,0.00000000,0.11111111,0.06253982,0.00000000,0.00000000,0.18896800,1.00000000,0.00000000,0.00000000,1.76983791
Lamp,17343,up,Baseline,9,0.11111111,0.44444444,0.24117562,0.00000000,0.00358096,0.08427705,2.00000000,0.00000000,0.00000000,15.08172050
Lamp,17343,down,Baseline,9,0.00000000,0.00000000,0.17987653,0.00000000,0.00000000,0.21787414,5.00000000,0.00000000,0.00000000,-4.49691315
Lamp,17343,left,Baseline,9,0.00000000,0.00000000,0.12673495,0.00000000,0.00016599,0.20258520,2.00000000,0.00000000,0.00000000,-3.16837363
Lamp,17343,right,Baseline,9,0.00000000,0.00000000,0.08256459,0.00000000,0.00000000,0.20737171,1.00000000,0.00000000,0.00000000,-2.06411467
Laptop,10203,main,Baseline,5,0.20000000,0.20000000,0.00000000,0.00000000,0.00000000,0.22949395,0.00000000,0.00000000,0.00000000,20.00000000
Laptop,10203,up,Baseline,5,0.20000000,0.20000000,0.00000000,0.00000000,0.00000000,0.19434052,0.00000000,0.00000000,0.00000000,20.00000000
Laptop,10203,down,Baseline,5,0.00000000,0.20000000,0.00000000,0.00000000,0.00000000,0.22933074,0.00000000,0.00000000,0.00000000,6.00000000
Laptop,10203,left,Baseline,5,0.00000000,0.20000000,0.00000000,0.00000000,0.00000000,0.19836764,0.00000000,0.00000000,0.00000000,6.00000000
Laptop,10203,right,Baseline,5,0.20000000,0.20000000,0.00000000,0.00000000,0.00000000,0.19152391,0.00000000,0.00000000,0.00000000,20.00000000
Laptop,10285,main,Baseline,5,0.00000000,0.20000000,0.00000000,0.00000000,0.00000000,0.19422366,0.00000000,0.00000000,0.00000000,6.00000000
Laptop,10285,up,Baseline,5,0.00000000,0.20000000,0.00000000,0.00000000,0.00000000,0.19397826,0.00000000,0.00000000,0.00000000,6.00000000
Laptop,10285,down,Baseline,5,0.20000000,0.20000000,0.15879706,0.00000000,0.00000000,0.14810166,0.00000000,0.00000000,0.00000000,16.03007352
Laptop,10285,left,Baseline,5,0.20000000,0.60000000,0.09511306,0.00000000,0.00380778,0.16173192,1.00000000,0.00000000,0.00000000,29.62217346
Laptop,10285,right,Baseline,5,0.00000000,0.20000000,0.00000000,0.00000000,0.00000000,0.19788334,0.00000000,0.00000000,0.00000000,6.00000000
Laptop,10302,main,Baseline,5,0.00000000,0.00000000,0.00000000,0.00000000,0.00000000,0.24737640,0.00000000,0.00000000,0.00000000,0.00000000
Laptop,10302,up,Baseline,5,0.00000000,0.20000000,0.00000000,0.00000000,0.00000000,0.22037261,0.00000000,0.00000000,0.00000000,6.00000000
Laptop,10302,down,Baseline,5,0.00000000,0.00000000,0.02842988,0.00000000,0.00013186,0.23852712,1.00000000,0.00000000,0.00000000,-0.71074693
Laptop,10302,left,Baseline,5,0.00000000,0.00000000,0.00000000,0.00000000,0.00000000,0.21884791,0.00000000,0.00000000,0.00000000,0.00000000
Laptop,10302,right,Baseline,5,0.00000000,0.00000000,0.00000000,0.00000000,0.00000000,0.19805440,0.00000000,0.00000000,0.00000000,0.00000000
Laptop,11075,main,Baseline,5,0.00000000,0.40000000,0.00000000,0.00000000,0.00000000,0.21794223,0.00000000,0.00000000,0.00000000,12.00000000
Laptop,11075,up,Baseline,5,0.00000000,0.40000000,0.00000000,0.00000000,0.00000000,0.18834582,0.00000000,0.00000000,0.00000000,12.00000000
Laptop,11075,down,Baseline,5,0.00000000,0.40000000,0.22588121,0.00000000,0.00000000,0.20764250,1.00000000,0.00000000,0.00000000,6.35296981
Laptop,11075,left,Baseline,5,0.20000000,0.40000000,0.00000000,0.00000000,0.00000000,0.19868910,0.00000000,0.00000000,0.00000000,26.00000000
Laptop,11075,right,Baseline,5,0.00000000,0.40000000,0.00000000,0.00000000,0.00000000,0.17559007,0.00000000,0.00000000,0.00000000,12.00000000
Laptop,9878,main,Baseline,5,0.00000000,0.00000000,0.00000000,0.00000000,0.00000000,0.24045291,0.00000000,0.00000000,0.00000000,0.00000000
Laptop,9878,up,Baseline,5,0.00000000,0.40000000,0.00000000,0.00000000,0.00000000,0.19202265,0.00000000,0.00000000,0.00000000,12.00000000
Laptop,9878,down,Baseline,5,0.00000000,0.00000000,0.16803946,0.00000000,0.00133320,0.23603982,1.00000000,0.00000000,0.00000000,-4.20098661
Laptop,9878,left,Baseline,5,0.00000000,0.00000000,0.00000000,0.00000000,0.00000000,0.22508164,0.00000000,0.00000000,0.00000000,0.00000000
Laptop,9878,right,Baseline,5,0.00000000,0.20000000,0.11016032,0.00000000,0.00000000,0.20832946,1.00000000,0.00000000,0.00000000,3.24599197
Microwave,7177,main,Baseline,8,0.00000000,0.12500000,0.12500000,0.00000000,0.00000000,0.18717914,0.00000000,0.00000000,0.00000000,0.62500000
Microwave,7177,up,Baseline,8,0.00000000,0.00000000,0.00000000,0.00000000,0.00000000,0.22392622,0.00000000,0.00000000,0.00000000,0.00000000
Microwave,7177,down,Baseline,8,0.12500000,0.25000000,0.12500000,0.00000000,0.00000000,0.16989923,0.00000000,0.00000000,0.00000000,13.12500000
Microwave,7177,left,Baseline,8,0.00000000,0.37500000,0.00000000,0.00000000,0.00000000,0.19819530,0.00000000,0.00000000,0.00000000,11.25000000
Microwave,7177,right,Baseline,8,0.00000000,0.25000000,0.02495689,0.00000000,0.00000000,0.20592202,0.00000000,0.00000000,0.00000000,6.87607783
Microwave,7183,main,Baseline,8,0.00000000,0.37500000,0.17116680,0.00000000,0.00336962,0.21012287,1.00000000,0.00000000,0.00000000,6.97083010
Microwave,7183,up,Baseline,8,0.00000000,0.25000000,0.00000000,0.00000000,0.00000000,0.20102766,0.00000000,0.00000000,0.00000000,7.50000000
Microwave,7183,down,Baseline,8,0.25000000,0.25000000,0.00000000,0.00000000,0.00000000,0.19012399,0.00000000,0.00000000,0.00000000,25.00000000
Microwave,7183,left,Baseline,8,0.12500000,0.37500000,0.01770655,0.00000000,0.00000000,0.18445070,0.00000000,0.00000000,0.00000000,19.55733637
Microwave,7183,right,Baseline,8,0.12500000,0.12500000,0.00000000,0.00000000,0.00000000,0.20380284,0.00000000,0.00000000,0.00000000,12.50000000
Microwave,7184,main,Baseline,8,0.00000000,0.12500000,0.07122923,0.00000000,0.00000000,0.20841747,0.00000000,0.00000000,0.00000000,1.96926934
Microwave,7184,up,Baseline,8,0.00000000,0.12500000,0.00000000,0.00000000,0.00000000,0.25330910,0.00000000,0.00000000,0.00000000,3.75000000
Microwave,7184,down,Baseline,8,0.12500000,0.25000000,0.24884393,0.00000000,0.00000000,0.15534850,0.00000000,0.00000000,0.00000000,10.02890164
Microwave,7184,left,Baseline,8,0.00000000,0.12500000,0.02337984,0.00000000,0.00038356,0.23429388,1.00000000,0.00000000,0.00000000,3.16550411
Microwave,7184,right,Baseline,8,0.00000000,0.37500000,0.03281202,0.00000000,0.00000000,0.20648571,0.00000000,0.00000000,0.00000000,10.42969951
Microwave,7200,main,Baseline,7,0.14285714,0.42857143,0.14285714,0.00000000,0.00029594,0.22230845,0.00000000,0.00000000,0.00000000,19.28571429
Microwave,7200,up,Baseline,7,0.28571429,0.42857143,0.00000000,0.00000000,0.00000000,0.21877944,0.00000000,0.00000000,0.00000000,32.85714286
Microwave,7200,down,Baseline,7,0.28571429,0.71428571,0.08756760,0.00000000,0.00000000,0.19704822,1.00000000,0.00000000,0.00000000,39.23938139
Microwave,7200,left,Baseline,7,0.14285714,0.57142857,0.00000000,0.00000000,0.00000000,0.20117343,0.00000000,0.00000000,0.00000000,27.14285714
Microwave,7200,right,Baseline,7,0.14285714,0.42857143,0.00000000,0.00000000,0.00000000,0.20181493,0.00000000,0.00000000,0.00000000,22.85714286
Microwave,7346,main,Baseline,7,0.28571429,0.28571429,0.14285714,0.00000000,0.00000000,0.21289021,0.00000000,0.00000000,0.00000000,25.00000000
Microwave,7346,up,Baseline,7,0.14285714,0.42857143,0.00000000,0.00000000,0.00000000,0.20798174,0.00000000,0.00000000,0.00000000,22.85714286
Microwave,7346,down,Baseline,7,0.14285714,0.28571429,0.00000000,0.00000000,0.00000000,0.19739954,0.00000000,0.00000000,0.00000000,18.57142857
Microwave,7346,left,Baseline,7,0.00000000,0.42857143,0.12026999,0.00000000,0.00000000,0.19932435,0.00000000,0.00000000,0.00000000,9.85039313
Microwave,7346,right,Baseline,7,0.00000000,0.42857143,0.00000000,0.00000000,0.00000000,0.19361535,0.00000000,0.00000000,0.00000000,12.85714286
Refrigerator,10649,main,Baseline,8,0.00000000,0.25000000,0.09162791,0.00000000,0.00000000,0.17503188,0.00000000,0.00000000,0.00000000,5.20930219
Refrigerator,10649,up,Baseline,8,0.00000000,0.25000000,0.00000000,0.00000000,0.00000000,0.17309611,0.00000000,0.00000000,0.00000000,7.50000000
Refrigerator,10649,down,Baseline,8,0.00000000,0.62500000,0.00000000,0.00000000,0.00000000,0.19448631,0.00000000,0.00000000,0.00000000,18.75000000
Refrigerator,10649,left,Baseline,8,0.12500000,0.12500000,0.00000000,0.00000000,0.00000000,0.20344231,0.00000000,0.00000000,0.00000000,12.50000000
Refrigerator,10649,right,Baseline,8,0.00000000,0.12500000,0.25000000,0.00000000,0.00000000,0.14937277,0.00000000,0.00000000,0.00000000,-2.50000000
Refrigerator,11585,main,Baseline,9,0.11111111,0.44444444,0.07906348,0.00000000,0.00000000,0.17908599,0.00000000,0.00000000,0.00000000,19.13452421
Refrigerator,11585,up,Baseline,9,0.00000000,0.77777778,0.00389853,0.00000000,0.00000000,0.11889092,0.00000000,0.00000000,0.00000000,23.23586997
Refrigerator,11585,down,Baseline,9,0.00000000,0.22222222,0.10129784,0.00000000,0.00142483,0.20395328,1.00000000,0.00000000,0.00000000,4.13422077
Refrigerator,11585,left,Baseline,9,0.11111111,0.55555556,0.00000000,0.00000000,0.00000000,0.17069147,0.00000000,0.00000000,0.00000000,24.44444444
Refrigerator,11585,right,Baseline,9,0.00000000,0.11111111,0.00000000,0.00000000,0.00000000,0.18971512,0.00000000,0.00000000,0.00000000,3.33333333
Refrigerator,11666,main,Baseline,9,0.00000000,0.22222222,0.04477624,0.00000000,0.00055481,0.22792545,1.00000000,0.00000000,0.00000000,5.54726060
Refrigerator,11666,up,Baseline,9,0.11111111,0.44444444,0.02312987,0.00000000,0.00049308,0.14739383,0.00000000,2.00000000,0.00000000,20.53286433
Refrigerator,11666,down,Baseline,9,0.00000000,0.00000000,0.00000000,0.00000000,0.00000000,0.25401006,0.00000000,0.00000000,0.00000000,0.00000000
Refrigerator,11666,left,Baseline,9,0.00000000,0.11111111,0.13555390,0.00000000,0.00421994,0.22397326,2.00000000,0.00000000,0.00000000,-0.05551429
Refrigerator,11666,right,Baseline,9,0.00000000,0.00000000,0.12752667,0.00000000,0.00000000,0.24444485,1.00000000,0.00000000,0.00000000,-3.18816684
Refrigerator,11712,main,Baseline,6,0.00000000,0.50000000,0.00948206,0.00000000,0.00000000,0.22141944,0.00000000,0.00000000,0.00000000,14.76294855
Refrigerator,11712,up,Baseline,6,0.33333333,0.33333333,0.00000000,0.00000000,0.00000000,0.21405185,0.00000000,0.00000000,0.00000000,33.33333333
Refrigerator,11712,down,Baseline,6,0.00000000,0.50000000,0.19958256,0.00000000,0.00000000,0.20324225,1.00000000,0.00000000,0.00000000,10.01043592
Refrigerator,11712,left,Baseline,6,0.00000000,0.33333333,0.00000000,0.00000000,0.00000000,0.23828314,0.00000000,0.00000000,0.00000000,10.00000000
Refrigerator,11712,right,Baseline,6,0.16666667,0.33333333,0.00000000,0.00000000,0.00000000,0.19493708,0.00000000,0.00000000,0.00000000,21.66666667
Refrigerator,12045,main,Baseline,6,0.00000000,0.16666667,0.00000000,0.00000000,0.00000000,0.21381580,0.00000000,0.00000000,0.00000000,5.00000000
Refrigerator,12045,up,Baseline,6,0.00000000,0.50000000,0.00000000,0.00000000,0.00000000,0.16191347,0.00000000,0.00000000,0.00000000,15.00000000
Refrigerator,12045,down,Baseline,6,0.00000000,0.16666667,0.00000000,0.00000000,0.00000000,0.20619474,0.00000000,0.00000000,0.00000000,5.00000000
Refrigerator,12045,left,Baseline,6,0.16666667,0.16666667,0.16972307,0.00000000,0.00713907,0.18059328,1.00000000,0.00000000,0.00000000,12.42358998
Refrigerator,12045,right,Baseline,6,0.00000000,0.33333333,0.00000000,0.00000000,0.00000000,0.21352946,0.00000000,0.00000000,0.00000000,10.00000000
Scissors,10429,main,Baseline,5,0.00000000,0.40000000,0.00000000,0.00000000,0.00000000,0.17863206,0.00000000,0.00000000,0.00000000,12.00000000
Scissors,10429,up,Baseline,5,0.00000000,0.00000000,0.00000000,0.00000000,0.00000000,0.19924947,0.00000000,0.00000000,0.00000000,0.00000000
Scissors,10429,down,Baseline,5,0.40000000,0.40000000,0.00000000,0.00000000,0.00000000,0.14771859,0.00000000,0.00000000,0.00000000,40.00000000
Scissors,10429,left,Baseline,5,0.00000000,0.40000000,0.00000000,0.00000000,0.00000000,0.17746312,0.00000000,0.00000000,0.00000000,12.00000000
Scissors,10429,right,Baseline,5,0.20000000,0.40000000,0.00000000,0.00000000,0.00000000,0.13468114,0.00000000,0.00000000,0.00000000,26.00000000
Scissors,10994,main,Baseline,5,0.20000000,0.40000000,0.17728252,0.00000000,0.00070185,0.19853314,1.00000000,0.00000000,0.00000000,21.56793708
Scissors,10994,up,Baseline,5,0.00000000,0.40000000,0.04657764,0.00000000,0.00014132,0.22410149,1.00000000,0.00000000,0.00000000,10.83555894
Scissors,10994,down,Baseline,5,0.00000000,0.40000000,0.00453683,0.00000000,0.00597058,0.17562611,1.00000000,0.00000000,0.00000000,11.88657920
Scissors,10994,left,Baseline,5,0.00000000,0.20000000,0.11342304,0.00000000,0.00024152,0.20768083,1.00000000,0.00000000,0.00000000,3.16442393
Scissors,10994,right,Baseline,5,0.20000000,0.40000000,0.27222580,0.00000000,0.00101006,0.13477307,1.00000000,0.00000000,0.00000000,19.19435506
Scissors,11002,main,Baseline,5,0.20000000,0.40000000,0.21553494,0.00000000,0.00166098,0.13184692,1.00000000,0.00000000,0.00000000,20.61162646
Scissors,11002,up,Baseline,5,0.00000000,0.20000000,0.04839801,0.00000000,0.00000000,0.17130490,0.00000000,0.00000000,0.00000000,4.79004965
Scissors,11002,down,Baseline,5,0.00000000,0.40000000,0.00000000,0.00000000,0.00000000,0.12237857,0.00000000,0.00000000,0.00000000,12.00000000
Scissors,11002,left,Baseline,5,0.00000000,0.20000000,0.33951480,0.00000000,0.00197474,0.14747863,1.00000000,0.00000000,0.00000000,-2.48786996
Scissors,11002,right,Baseline,5,0.00000000,0.60000000,0.00000000,0.00000000,0.00000000,0.11786726,0.00000000,0.00000000,0.00000000,18.00000000
Scissors,11036,main,Baseline,5,0.20000000,0.60000000,0.08866715,0.00000000,0.00044055,0.14096448,1.00000000,0.00000000,0.00000000,29.78332137
Scissors,11036,up,Baseline,5,0.00000000,0.20000000,0.07928061,0.00000000,0.00037889,0.18159806,1.00000000,0.00000000,0.00000000,4.01798486
Scissors,11036,down,Baseline,5,0.20000000,0.40000000,0.16920386,0.00000000,0.00169358,0.11165803,2.00000000,0.00000000,0.00000000,21.76990349
Scissors,11036,left,Baseline,5,0.00000000,0.00000000,0.13605286,0.00000000,0.00086120,0.17078509,1.00000000,0.00000000,0.00000000,-3.40132140
Scissors,11036,right,Baseline,5,0.40000000,0.40000000,0.10853114,0.00000000,0.00034600,0.10750626,1.00000000,0.00000000,0.00000000,37.28672148
Scissors,11111,main,Baseline,5,0.00000000,0.40000000,0.00000000,0.00000000,0.00000000,0.18951131,0.00000000,0.00000000,0.00000000,12.00000000
Scissors,11111,up,Baseline,5,0.00000000,0.20000000,0.00000000,0.00000000,0.00000000,0.23077616,0.00000000,0.00000000,0.00000000,6.00000000
Scissors,11111,down,Baseline,5,0.00000000,0.40000000,0.00000000,0.00000000,0.00000000,0.15764232,0.00000000,0.00000000,0.00000000,12.00000000
Scissors,11111,left,Baseline,5,0.00000000,0.40000000,0.00000000,0.00000000,0.00000000,0.21236320,0.00000000,0.00000000,0.00000000,12.00000000
Scissors,11111,right,Baseline,5,0.00000000,0.00000000,0.00000000,0.00000000,0.00000000,0.14839594,0.00000000,0.00000000,0.00000000,0.00000000
TrashCan,10425,main,Baseline,9,0.00000000,0.00000000,0.19816180,0.00000000,0.00029885,0.25146517,3.00000000,0.00000000,0.00000000,-4.95404505
TrashCan,10425,up,Baseline,9,0.11111111,0.22222222,0.09382299,0.00000000,0.00000000,0.19056304,1.00000000,0.00000000,0.00000000,12.09886978
TrashCan,10425,down,Baseline,9,0.00000000,0.22222222,0.05425787,0.00000000,0.00000000,0.24148221,1.00000000,0.00000000,0.00000000,5.31022001
TrashCan,10425,left,Baseline,9,0.00000000,0.00000000,0.18415294,0.00000000,0.00020827,0.23940914,2.00000000,0.00000000,0.00000000,-4.60382341
TrashCan,10425,right,Baseline,9,0.00000000,0.00000000,0.15687240,0.00000000,0.00000000,0.23900524,1.00000000,0.00000000,0.00000000,-3.92181000
TrashCan,11183,main,Baseline,8,0.00000000,0.00000000,0.30492314,0.00000000,0.00000000,0.24735641,2.00000000,0.00000000,0.00000000,-7.62307842
TrashCan,11183,up,Baseline,8,0.00000000,0.12500000,0.30574583,0.00000000,0.00000000,0.16462446,2.00000000,0.00000000,0.00000000,-3.89364568
TrashCan,11183,down,Baseline,8,0.00000000,0.00000000,0.29062529,0.00000000,0.00351225,0.24811650,5.00000000,0.00000000,0.00000000,-7.26563235
TrashCan,11183,left,Baseline,8,0.00000000,0.00000000,0.32837153,0.00000000,0.00170576,0.25354523,2.00000000,0.00000000,0.00000000,-8.20928831
TrashCan,11183,right,Baseline,8,0.00000000,0.00000000,0.33010014,0.00000000,0.00080800,0.25788138,3.00000000,0.00000000,0.00000000,-8.25250360
TrashCan,11659,main,Baseline,6,0.00000000,0.00000000,0.00905968,0.00000000,0.00022378,0.24296178,1.00000000,0.00000000,0.00000000,-0.22649190
TrashCan,11659,up,Baseline,6,0.00000000,0.33333333,0.00000000,0.00000000,0.00000000,0.15875923,0.00000000,0.00000000,0.00000000,10.00000000
TrashCan,11659,down,Baseline,6,0.00000000,0.00000000,0.24211648,0.00000000,0.00086583,0.23146757,2.00000000,0.00000000,0.00000000,-6.05291197
TrashCan,11659,left,Baseline,6,0.00000000,0.00000000,0.00000000,0.00000000,0.00000000,0.24327885,0.00000000,0.00000000,0.00000000,0.00000000
TrashCan,11659,right,Baseline,6,0.00000000,0.00000000,0.00000000,0.00000000,0.00000000,0.22744030,0.00000000,0.00000000,0.00000000,0.00000000
TrashCan,11960,main,Baseline,9,0.00000000,0.00000000,0.42361813,0.00000000,0.00005793,0.25149586,3.00000000,0.00000000,0.00000000,-10.59045319
TrashCan,11960,up,Baseline,9,0.00000000,0.11111111,0.09164603,0.00000000,0.00001166,0.18232198,1.00000000,0.00000000,0.00000000,1.04218264
TrashCan,11960,down,Baseline,9,0.00000000,0.11111111,0.28358718,0.00000000,0.00044101,0.24325156,2.00000000,0.00000000,0.00000000,-3.75634624
TrashCan,11960,left,Baseline,9,0.00000000,0.00000000,0.46389056,0.00000000,0.00150422,0.25158156,6.00000000,0.00000000,0.00000000,-11.59726406
TrashCan,11960,right,Baseline,9,0.00000000,0.00000000,0.43173684,0.00000000,0.00448422,0.25600447,4.00000000,0.00000000,0.00000000,-10.79342095
TrashCan,12366,main,Baseline,6,0.00000000,0.33333333,0.16666667,0.00000000,0.00000000,0.17547812,0.00000000,0.00000000,0.00000000,5.83333333
TrashCan,12366,up,Baseline,6,0.16666667,0.66666667,0.00000000,0.00000000,0.00000000,0.14861311,0.00000000,0.00000000,0.00000000,31.66666667
TrashCan,12366,down,Baseline,6,0.00000000,0.33333333,0.11088430,0.00000000,0.02158908,0.17829736,1.00000000,0.00000000,0.00000000,7.22789239
TrashCan,12366,left,Baseline,6,0.33333333,0.50000000,0.00000000,0.00000000,0.00000000,0.18157386,0.00000000,0.00000000,0.00000000,38.33333333
TrashCan,12366,right,Baseline,6,0.16666667,0.16666667,0.00000000,0.00000000,0.00000000,0.17209864,0.00000000,0.00000000,0.00000000,16.66666667
