category,sample_id,split,label_count,selected,spherical,rectangular,surround,projected_aspect,aspect_3d,contour_regularity,anchor_angular_entropy,anchor_radial_uniformity,contour_radial_cv
"Chair","38635","train","9","spherical","0.452178","0.230836","0.316985","2.026811","1.409268","0.517488","0.908494","0.608101","0.202655"
"Chair","39299","train","9","spherical","0.408536","0.236921","0.354543","2.115606","1.475766","0.431921","0.806461","0.491048","0.238593"
"Chair","40801","train","9","spherical","0.473919","0.213941","0.312139","1.912333","1.134931","0.700348","0.834419","0.454702","0.125854"
"Chair","41193","val","9","spherical","0.401559","0.289028","0.309412","2.45404","1.859804","0.613221","0.806461","0.63348","0.162447"
"Chair","42397","test","9","spherical","0.468959","0.226087","0.304954","1.978299","1.363285","0.544738","0.908494","0.677","0.19121"
"Dishwasher","11898","train","8","spherical","0.48617","0.207841","0.305989","1.865836","1.36058","0.687136","0.718546","0.639085","0.131403"
"Dishwasher","12572","train","8","spherical","0.527584","0.174515","0.297901","1.340184","1.833415","0.673521","0.718546","0.705752","0.137121"
"Dishwasher","12575","train","8","spherical","0.46323","0.216832","0.319938","1.957439","1.435447","0.649581","0.583333","0.694111","0.147176"
"Dishwasher","12580","val","9","spherical","0.44096","0.23218","0.32686","2.03084","1.896896","0.607405","0.584238","0.753688","0.16489"
"Dishwasher","13175","test","8","spherical","0.475037","0.215353","0.309609","1.922731","1.528857","0.63469","0.718546","0.681881","0.15343"
"Door","8944","train","6","rectangular","0.09361","0.642313","0.264076","4.125296","12.503127","0.62235","0.484196","0.503922","0.158613"
"Door","9164","train","6","rectangular","0.090002","0.622785","0.287213","4.766198","9.150416","0.683733","0.693426","0.009095","0.132832"
"Door","9200","train","6","rectangular","0.090942","0.639133","0.269924","3.804219","12.420819","0.521152","0.355245","0.676645","0.201116"
"Door","9288","val","6","rectangular","0.096201","0.636703","0.267097","4.184046","13.521247","0.672574","0.693426","0.241203","0.137519"
"Door","9290","test","6","rectangular","0.088468","0.625562","0.28597","3.914358","10.875846","0.449888","0.693426","0.345789","0.231047"
"Earphone","10953","train","7","rectangular","0.202372","0.548903","0.248726","1.330737","19.668382","0.836895","0.409223","0.322874","0.068504"
"Earphone","11197","train","8","spherical","0.470271","0.176987","0.352742","1.661836","1.570272","0.571945","0.635213","0.503225","0.179783"
"Earphone","11446","train","8","rectangular","0.14019","0.587186","0.272625","2.351601","4.937665","0.255152","0.718546","0.718027","0.312836"
"Earphone","11471","val","7","spherical","0.464989","0.198589","0.336422","1.784642","1.242879","0.409583","0.796453","0.727633","0.247975"
"Earphone","11934","test","8","rectangular","0.283003","0.446344","0.270653","1.48254","3.946619","0.443895","0.833333","0.629849","0.233564"
"Faucet","370","train","8","spherical","0.372808","0.367581","0.259611","1.524791","3.205582","0.656336","0.718546","0.731461","0.144339"
"Faucet","1507","train","9","rectangular","0.10215","0.657729","0.240121","4.703816","7.936904","0.599467","0.584238","0.700806","0.168224"
"Faucet","1708","train","9","spherical","0.534229","0.185219","0.280552","1.269241","1.909444","0.719869","0.908494","0.588399","0.117655"
"Faucet","1758","val","8","spherical","0.4012","0.316914","0.281885","1.177794","2.977608","0.507981","0.75","0.74114","0.206648"
"Faucet","1988","test","9","spherical","0.465995","0.203695","0.330311","1.807827","1.855205","0.565379","0.686271","0.705596","0.182541"
"Lamp","14912","train","9","spherical","0.519156","0.193559","0.287286","1.716936","1.403267","0.694298","0.908494","0.628193","0.128395"
"Lamp","16297","train","9","spherical","0.402364","0.297813","0.299823","1.467468","2.732891","0.644802","0.686271","0.531792","0.149183"
"Lamp","16499","train","9","rectangular","0.243156","0.454259","0.302585","2.896741","3.280982","0.473764","0.806461","0.664322","0.221019"
"Lamp","16598","val","9","rectangular","0.23742","0.460874","0.301706","3.815689","3.11614","0.790883","0.510164","0.585651","0.087829"
"Lamp","17343","test","9","rectangular","0.179576","0.5585","0.261924","3.872664","3.951214","0.706921","0.658313","0.638183","0.123093"
"Laptop","9878","train","5","spherical","0.505106","0.188143","0.306751","1.711381","1.028517","0.616657","0.655459","0.809672","0.161004"
"Laptop","10203","train","5","spherical","0.535907","0.186888","0.277205","1.65888","1.148219","0.640443","0.827729","0.870561","0.151014"
"Laptop","10285","train","5","spherical","0.553702","0.162794","0.283504","1.479487","1.523735","0.683657","0.827729","0.767153","0.132864"
"Laptop","10302","val","5","spherical","0.564791","0.18483","0.250379","1.600431","1.304244","0.648024","1","0.937307","0.14783"
"Laptop","11075","test","5","spherical","0.515254","0.159912","0.324833","1.542491","1.39896","0.650833","0.418166","0.842448","0.14665"
"Microwave","7177","train","8","spherical","0.537745","0.156213","0.306043","1.393922","1.66951","0.705988","0.833333","0.535763","0.123485"
"Microwave","7183","train","8","spherical","0.547792","0.157785","0.294423","1.449306","1.562716","0.706626","0.833333","0.637163","0.123217"
"Microwave","7184","train","8","spherical","0.547883","0.159133","0.292985","1.400699","1.67844","0.698493","0.833333","0.658766","0.126633"
"Microwave","7200","val","7","spherical","0.540543","0.154078","0.305379","1.430845","1.509627","0.6767","0.796453","0.623049","0.135786"
"Microwave","7346","test","7","spherical","0.531309","0.173901","0.29479","1.406446","1.790309","0.69641","0.796453","0.651539","0.127508"
"Refrigerator","10649","train","8","spherical","0.470275","0.180839","0.348885","1.675672","1.349309","0.568988","0.75","0.42842","0.181025"
"Refrigerator","11585","train","9","rectangular","0.199753","0.471167","0.32908","3.513182","3.31323","0.450907","0.704428","0.574294","0.230619"
"Refrigerator","11666","train","9","spherical","0.373833","0.316919","0.309248","2.594599","2.2513","0.618519","0.732387","0.750619","0.160222"
"Refrigerator","11712","val","6","rectangular","0.270582","0.374259","0.355159","2.943991","2.64815","0.494155","0.693426","0.510865","0.212455"
"Refrigerator","12045","test","6","rectangular","0.271831","0.379073","0.349096","2.959766","2.670522","0.518667","0.693426","0.521989","0.20216"
"Scissors","10429","train","5","rectangular","0.215896","0.540148","0.243956","1.058083","17.366217","0.499812","1","0.389337","0.210079"
"Scissors","10994","train","5","rectangular","0.230961","0.557727","0.211312","1.091273","31.648759","0.645162","0.827729","0.64812","0.149032"
"Scissors","11002","train","5","rectangular","0.236581","0.557458","0.205961","1.072278","18.821029","0.791952","0.827729","0.495292","0.08738"
"Scissors","11036","val","5","rectangular","0.247443","0.57022","0.182337","1.038743","29.697079","0.667367","0.827729","0.894075","0.139706"
"Scissors","11111","test","5","rectangular","0.248874","0.572421","0.178706","1.164635","19.219053","0.86099","1","0.535223","0.058384"
"TrashCan","10425","train","9","rectangular","0.354144","0.358436","0.28742","2.930073","2.177679","0.781702","0.732387","0.633452","0.091685"
"TrashCan","11183","train","8","rectangular","0.364891","0.36827","0.266839","3.018388","1.960496","0.825621","0.583333","0.821725","0.073239"
"TrashCan","11659","train","6","rectangular","0.338879","0.387194","0.273926","3.158169","2.108922","0.80914","0.742098","0.655656","0.080161"
"TrashCan","11960","val","9","spherical","0.3855","0.330251","0.284248","2.742996","1.977608","0.793998","0.630354","0.721841","0.086521"
"TrashCan","12366","test","6","spherical","0.391714","0.291712","0.316574","2.449397","2.081615","0.660595","0.742098","0.603728","0.14255"
