category,sample_id,split,selected_by_geometry,geometry_spherical_1_5,geometry_rectangular_1_5,geometry_surround_1_5,manual_spherical_1_5,manual_rectangular_1_5,manual_surround_1_5,manual_selected,notes
"Chair","38635","train","spherical","2.8087","1.9233","2.2679","","","","",""
"Chair","39299","train","spherical","2.6341","1.9477","2.4182","","","","",""
"Chair","40801","train","spherical","2.8957","1.8558","2.2486","","","","",""
"Chair","41193","val","spherical","2.6062","2.1561","2.2376","","","","",""
"Chair","42397","test","spherical","2.8758","1.9043","2.2198","","","","",""
"Dishwasher","11898","train","spherical","2.9447","1.8314","2.224","","","","",""
"Dishwasher","12572","train","spherical","3.1103","1.6981","2.1916","","","","",""
"Dishwasher","12575","train","spherical","2.8529","1.8673","2.2798","","","","",""
"Dishwasher","12580","val","spherical","2.7638","1.9287","2.3074","","","","",""
"Dishwasher","13175","test","spherical","2.9001","1.8614","2.2384","","","","",""
"Door","8944","train","rectangular","1.3744","3.5693","2.0563","","","","",""
"Door","9164","train","rectangular","1.36","3.4911","2.1489","","","","",""
"Door","9200","train","rectangular","1.3638","3.5565","2.0797","","","","",""
"Door","9288","val","rectangular","1.3848","3.5468","2.0684","","","","",""
"Door","9290","test","rectangular","1.3539","3.5022","2.1439","","","","",""
"Earphone","10953","train","rectangular","1.8095","3.1956","1.9949","","","","",""
"Earphone","11197","train","spherical","2.8811","1.7079","2.411","","","","",""
"Earphone","11446","train","rectangular","1.5608","3.3487","2.0905","","","","",""
"Earphone","11471","val","spherical","2.86","1.7944","2.3457","","","","",""
"Earphone","11934","test","rectangular","2.132","2.7854","2.0826","","","","",""
"Faucet","370","train","spherical","2.4912","2.4703","2.0384","","","","",""
"Faucet","1507","train","rectangular","1.4086","3.6309","1.9605","","","","",""
"Faucet","1708","train","spherical","3.1369","1.7409","2.1222","","","","",""
"Faucet","1758","val","spherical","2.6048","2.2677","2.1275","","","","",""
"Faucet","1988","test","spherical","2.864","1.8148","2.3212","","","","",""
"Lamp","14912","train","spherical","3.0766","1.7742","2.1491","","","","",""
"Lamp","16297","train","spherical","2.6095","2.1913","2.1993","","","","",""
"Lamp","16499","train","rectangular","1.9726","2.817","2.2103","","","","",""
"Lamp","16598","val","rectangular","1.9497","2.8435","2.2068","","","","",""
"Lamp","17343","test","rectangular","1.7183","3.234","2.0477","","","","",""
"Laptop","9878","train","spherical","3.0204","1.7526","2.227","","","","",""
"Laptop","10203","train","spherical","3.1436","1.7476","2.1088","","","","",""
"Laptop","10285","train","spherical","3.2148","1.6512","2.134","","","","",""
"Laptop","10302","val","spherical","3.2592","1.7393","2.0015","","","","",""
"Laptop","11075","test","spherical","3.061","1.6396","2.2993","","","","",""
"Microwave","7177","train","spherical","3.151","1.6249","2.2242","","","","",""
"Microwave","7183","train","spherical","3.1912","1.6311","2.1777","","","","",""
"Microwave","7184","train","spherical","3.1915","1.6365","2.1719","","","","",""
"Microwave","7200","val","spherical","3.1622","1.6163","2.2215","","","","",""
"Microwave","7346","test","spherical","3.1252","1.6956","2.1792","","","","",""
"Refrigerator","10649","train","spherical","2.8811","1.7234","2.3955","","","","",""
"Refrigerator","11585","train","rectangular","1.799","2.8847","2.3163","","","","",""
"Refrigerator","11666","train","spherical","2.4953","2.2677","2.237","","","","",""
"Refrigerator","11712","val","rectangular","2.0823","2.497","2.4206","","","","",""
"Refrigerator","12045","test","rectangular","2.0873","2.5163","2.3964","","","","",""
"Scissors","10429","train","rectangular","1.8636","3.1606","1.9758","","","","",""
"Scissors","10994","train","rectangular","1.9238","3.2309","1.8452","","","","",""
"Scissors","11002","train","rectangular","1.9463","3.2298","1.8238","","","","",""
"Scissors","11036","val","rectangular","1.9898","3.2809","1.7293","","","","",""
"Scissors","11111","test","rectangular","1.9955","3.2897","1.7148","","","","",""
"TrashCan","10425","train","rectangular","2.4166","2.4337","2.1497","","","","",""
"TrashCan","11183","train","rectangular","2.4596","2.4731","2.0674","","","","",""
"TrashCan","11659","train","rectangular","2.3555","2.5488","2.0957","","","","",""
"TrashCan","11960","val","spherical","2.542","2.321","2.137","","","","",""
"TrashCan","12366","test","spherical","2.5669","2.1668","2.2663","","","","",""
